Sig Name,Drive F,Frame 102951,
Format,Mag,Scaling,EU

Hz,V
        6.00168,      0.0354137
       6.003516,     0.03572006
       6.005352,     0.03576209
       6.007187,     0.03615955
       6.009024,      0.0363423
       6.010859,     0.03592644
       6.012695,     0.03626248
       6.014493,     0.03684036
       6.016328,      0.0358086
       6.018164,     0.03509344
           6.02,     0.03593521
       6.021836,     0.03594619
       6.023672,     0.03592468
       6.025508,     0.03589245
       6.027344,     0.03590111
       6.029141,     0.03582237
       6.030977,     0.03558508
       6.032813,     0.03573823
       6.034648,     0.03598378
       6.036484,     0.03570256
       6.038321,     0.03563944
       6.040156,     0.03577976
       6.041992,     0.03564942
       6.043828,     0.03552678
       6.045625,     0.03555776
       6.047481,     0.03555822
       6.049316,     0.03545029
       6.051152,     0.03549363
       6.052949,     0.03532651
       6.054785,     0.03548019
       6.056621,     0.03561557
       6.058457,     0.03546261
       6.060293,     0.03524409
       6.062129,     0.03514207
       6.063965,     0.03523291
       6.065801,      0.0354671
       6.067598,     0.03511615
       6.069434,     0.03517654
        6.07127,     0.03525671
       6.073105,     0.03489108
       6.074942,     0.03530833
       6.076777,     0.03549007
       6.078613,      0.0349852
       6.080449,     0.03521783
       6.082285,     0.03513876
       6.084082,     0.03507408
       6.085918,     0.03493554
       6.087754,     0.03490099
        6.08959,     0.03485111
       6.091426,     0.03475257
       6.093262,     0.03493994
       6.095098,     0.03465252
       6.096934,     0.03481089
       6.098731,     0.03482709
       6.100566,     0.03483592
       6.102402,     0.03500509
       6.104239,     0.03475346
       6.106074,     0.03410707
        6.10791,     0.03429067
       6.109746,     0.03427498
       6.111582,     0.03458209
       6.113379,     0.03476764
       6.115215,     0.03473773
       6.117051,     0.03462533
       6.118887,     0.03447629
       6.120723,     0.03444238
       6.122559,     0.03439197
       6.124394,     0.03437572
       6.126231,     0.03433206
       6.128067,     0.03426149
       6.129863,     0.03427238
       6.131699,     0.03431477
       6.133535,     0.03420612
       6.135371,     0.03416157
       6.137207,     0.03418449
       6.139023,     0.03419849
        6.14086,     0.03414971
       6.142695,     0.03402848
       6.144531,     0.03397361
       6.146367,     0.03402232
       6.148203,     0.03406104
       6.150039,     0.03402695
       6.151836,     0.03385765
       6.153672,     0.03388692
       6.155528,     0.03396755
       6.157344,      0.0339487
        6.15918,     0.03381268
       6.161016,     0.03372146
       6.162852,     0.03378328
       6.164688,     0.03384764
       6.166523,     0.03376229
        6.16832,      0.0336785
       6.170156,     0.03362404
       6.171992,     0.03367753
       6.173828,     0.03368059
       6.175664,     0.03361205
         6.1775,     0.03355607
       6.179336,     0.03359009
       6.181172,     0.03357875
       6.182969,     0.03345124
       6.184805,     0.03340378
       6.186641,     0.03342598
       6.188477,     0.03345739
       6.190312,     0.03342254
       6.192149,     0.03331862
       6.193985,     0.03327414
        6.19582,     0.03328645
       6.197656,      0.0332499
       6.199453,     0.03319323
       6.201289,     0.03317973
       6.203125,     0.03316607
       6.204961,     0.03311254
       6.206797,     0.03312385
       6.208633,     0.03311015
       6.210469,     0.03303362
       6.212305,     0.03298801
       6.214102,     0.03298104
       6.215938,     0.03297233
       6.217773,     0.03293221
       6.219609,     0.03290845
       6.221446,     0.03286718
       6.223281,     0.03284039
       6.225117,      0.0328444
       6.226953,     0.03284101
        6.22875,      0.0327699
       6.230586,     0.03270846
       6.232441,     0.03265775
       6.234277,     0.03261285
       6.236074,     0.03264269
        6.23791,     0.03280077
       6.239746,       0.032726
       6.241582,     0.03261431
       6.243418,     0.03267018
       6.245254,      0.0325677
        6.24709,     0.03240964
       6.248926,     0.03240225
       6.250762,     0.03248363
       6.252559,     0.03243518
       6.254395,     0.03221972
        6.25623,     0.03218756
       6.258067,     0.03225219
       6.259902,     0.03241293
       6.261738,     0.03233026
       6.263574,     0.03224943
        6.26541,     0.03214489
       6.267207,     0.03206535
       6.269043,     0.03208689
       6.270879,     0.03209452
       6.272715,     0.03210327
       6.274551,     0.03205213
       6.276387,     0.03196569
       6.278223,     0.03186079
       6.280059,      0.0318729
       6.281895,     0.03191084
       6.283691,      0.0319352
       6.285527,     0.03184539
       6.287364,     0.03173624
       6.289199,     0.03169321
       6.291035,     0.03173487
       6.292871,     0.03177852
       6.294707,     0.03173103
       6.296543,     0.03153745
        6.29834,     0.03145141
       6.300176,     0.03159818
       6.302012,     0.03163281
       6.303848,     0.03158156
       6.305684,     0.03144988
       6.307519,      0.0313346
       6.309356,     0.03132112
       6.311192,     0.03145846
       6.312988,     0.03142226
       6.314824,     0.03136396
        6.31666,     0.03120454
       6.318496,     0.03115375
       6.320332,      0.0312275
       6.322168,     0.03126396
       6.324004,     0.03120388
        6.32584,     0.03108574
       6.327656,     0.03101968
       6.329492,     0.03106062
       6.331328,     0.03106684
       6.333164,     0.03103259
          6.335,     0.03100066
       6.336816,     0.03090478
       6.338633,     0.03085371
       6.340469,     0.03078883
       6.342305,     0.03080383
       6.344141,     0.03081167
       6.345977,     0.03084325
       6.347813,     0.03074775
       6.349648,     0.03063608
       6.351445,     0.03061804
       6.353281,     0.03060533
       6.355117,      0.0306719
       6.356953,     0.03059726
       6.358789,     0.03049589
       6.360625,     0.03036834
       6.362461,     0.03039602
       6.364297,     0.03045113
       6.366133,     0.03046042
        6.36793,     0.03044862
       6.369766,     0.03036176
       6.371602,     0.03022582
       6.373437,     0.03018675
       6.375274,      0.0302061
        6.37711,     0.03019636
       6.378945,     0.03020706
       6.380781,      0.0301764
       6.382578,     0.03013477
       6.384414,     0.03006435
        6.38625,     0.03003035
       6.388086,     0.03000727
       6.389922,      0.0299523
       6.391758,     0.02992805
       6.393594,     0.02989861
        6.39543,      0.0298809
       6.397227,     0.02989673
       6.399063,     0.02980289
       6.400898,     0.02974684
       6.402734,     0.02968254
       6.404571,     0.02968036
       6.406406,     0.02966687
       6.408242,     0.02964831
       6.410078,     0.02961396
       6.411914,     0.02959151
       6.413711,     0.02956095
       6.415547,     0.02950483
       6.417383,     0.02940353
       6.419219,     0.02938363
       6.421055,     0.02938902
       6.422891,     0.02937538
       6.424726,     0.02932425
       6.426543,     0.02930106
       6.428379,     0.02924207
       6.430215,     0.02915142
       6.432051,     0.02907667
       6.433887,      0.0289837
       6.435684,     0.02897602
        6.43752,     0.02898217
       6.439355,      0.0290794
       6.441192,     0.02905095
       6.443027,     0.02902472
       6.444863,     0.02896156
       6.446699,     0.02880937
       6.448535,     0.02873656
       6.450371,     0.02865184
       6.452168,     0.02863352
       6.454004,     0.02870513
        6.45584,     0.02874974
       6.457676,     0.02873925
       6.459512,     0.02869268
       6.461348,      0.0285418
       6.463184,     0.02848443
        6.46502,     0.02842524
       6.466816,     0.02834622
       6.468652,     0.02836058
       6.470489,     0.02839834
       6.472324,     0.02841777
        6.47416,     0.02835456
       6.475996,     0.02825774
       6.477832,     0.02817779
       6.479668,     0.02812903
       6.481504,     0.02808345
       6.483301,     0.02803572
       6.485137,     0.02801549
       6.486973,     0.02796322
       6.488809,     0.02795262
       6.490644,     0.02798064
       6.492481,     0.02793415
       6.494317,     0.02784303
       6.496152,     0.02778977
       6.497949,     0.02773147
       6.499785,     0.02768245
       6.501621,     0.02771004
       6.503457,     0.02772075
       6.505293,      0.0277167
       6.507129,     0.02764931
       6.508965,     0.02757587
       6.510801,     0.02751524
       6.512598,     0.02743834
       6.514434,     0.02738727
        6.51627,      0.0273953
       6.518106,     0.02738477
       6.519941,     0.02734285
       6.521778,     0.02728058
       6.523613,     0.02719734
       6.525449,     0.02719248
       6.527285,     0.02716447
       6.529102,     0.02716125
       6.530938,      0.0271597
       6.532773,     0.02716105
       6.534609,     0.02712649
       6.536407,     0.02700106
       6.538242,     0.02692244
       6.540078,     0.02683054
       6.541914,     0.02674836
        6.54375,     0.02674926
       6.545586,      0.0267404
       6.547422,     0.02669121
       6.549258,      0.0266912
       6.551055,     0.02666874
       6.552891,     0.02664505
       6.554727,     0.02661007
       6.556562,     0.02657637
       6.558399,     0.02660125
       6.560235,     0.02657507
        6.56207,     0.02652718
       6.563906,     0.02646163
       6.565742,      0.0264244
       6.567539,     0.02635184
       6.569375,     0.02622532
       6.571211,     0.02612695
       6.573047,     0.02608003
       6.574883,     0.02613052
       6.576719,      0.0261321
       6.578555,     0.02613566
       6.580391,     0.02613083
       6.582188,     0.02617908
       6.584023,     0.02609854
       6.585859,     0.02599769
       6.587715,     0.02592207
       6.589531,     0.02580376
       6.591367,     0.02575399
       6.593203,     0.02575631
       6.595039,      0.0257377
       6.596836,      0.0256714
       6.598672,     0.02560842
       6.600508,     0.02560716
       6.602344,     0.02559688
        6.60418,     0.02557611
       6.606016,     0.02551294
       6.607852,     0.02543898
       6.609688,     0.02534898
       6.611524,     0.02526983
        6.61332,     0.02519622
       6.615156,     0.02520655
       6.616992,     0.02523508
       6.618828,     0.02528439
       6.620664,     0.02527502
         6.6225,     0.02522485
       6.624336,      0.0250974
       6.626172,     0.02501499
       6.627969,     0.02494604
       6.629805,     0.02491951
       6.631641,     0.02487393
       6.633477,     0.02483482
       6.635293,     0.02479798
       6.637129,     0.02482916
       6.638965,     0.02480777
       6.640801,      0.0247917
       6.642637,     0.02474501
       6.644473,     0.02466092
       6.646309,      0.0245655
       6.648145,     0.02460616
       6.649981,     0.02456203
       6.651777,     0.02453758
       6.653614,      0.0245273
       6.655449,     0.02453718
       6.657285,     0.02446284
       6.659121,     0.02442768
       6.660957,     0.02435716
       6.662793,     0.02432527
       6.664629,     0.02430597
       6.666426,     0.02429087
       6.668262,     0.02433575
       6.670098,     0.02427234
       6.671934,     0.02425737
       6.673769,     0.02427437
       6.675606,     0.02420571
       6.677442,     0.02412897
       6.679277,     0.02409524
       6.681113,      0.0240891
        6.68291,     0.02408142
       6.684746,     0.02411106
       6.686582,     0.02403841
       6.688418,      0.0239083
       6.690254,      0.0238098
        6.69209,     0.02376318
       6.693926,     0.02377141
       6.695762,     0.02383474
       6.697559,     0.02381963
       6.699395,     0.02384225
       6.701231,      0.0238178
       6.703066,     0.02369949
       6.704903,     0.02363622
       6.706738,     0.02355869
       6.708574,     0.02352749
        6.71041,     0.02352135
       6.712207,     0.02352079
       6.714043,     0.02355954
       6.715879,     0.02356335
       6.717715,     0.02358002
       6.719551,     0.02356694
       6.721387,     0.02355753
       6.723223,      0.0235286
       6.725059,     0.02347182
       6.726895,     0.02336667
       6.728692,     0.02327343
       6.730527,     0.02319768
       6.732363,     0.02324053
         6.7342,     0.02321668
       6.736035,     0.02323341
       6.737871,     0.02325781
       6.739707,     0.02337765
       6.741543,     0.02338251
        6.74334,     0.02329853
       6.745176,     0.02312874
       6.747031,     0.02291981
       6.748868,     0.02281843
       6.750664,     0.02280977
         6.7525,     0.02292115
       6.754336,      0.0230546
       6.756172,     0.02316445
       6.758008,     0.02316938
       6.759844,     0.02315748
        6.76168,     0.02315967
       6.763516,     0.02302915
       6.765352,     0.02285294
       6.767148,     0.02276053
       6.768984,      0.0226993
       6.770821,     0.02273172
       6.772656,      0.0228218
       6.774492,     0.02288365
       6.776328,     0.02288128
       6.778164,     0.02281221
           6.78,     0.02269199
       6.781797,     0.02257963
       6.783633,     0.02249702
       6.785469,      0.0224814
       6.787305,      0.0225536
       6.789141,     0.02271586
       6.790977,     0.02283489
       6.792813,     0.02292555
       6.794649,     0.02294384
       6.796445,      0.0229163
       6.798281,     0.02287325
       6.800117,      0.0228094
       6.801953,     0.02268212
       6.803789,      0.0225933
       6.805625,     0.02253494
       6.807461,     0.02249879
       6.809297,     0.02246761
       6.811133,     0.02245953
        6.81293,     0.02247169
       6.814766,      0.0225408
       6.816602,     0.02259598
       6.818438,      0.0225826
       6.820273,     0.02252775
        6.82211,      0.0224651
       6.823946,     0.02241065
       6.825781,     0.02244243
       6.827578,     0.02257846
       6.829414,     0.02266835
        6.83125,      0.0226735
       6.833086,     0.02265577
       6.834922,      0.0225312
       6.836758,     0.02245275
       6.838594,     0.02250685
        6.84043,     0.02256888
       6.842266,     0.02264089
       6.844063,     0.02272726
       6.845899,     0.02274065
       6.847734,     0.02266937
        6.84957,     0.02264401
       6.851407,     0.02261129
       6.853242,     0.02260233
       6.855078,     0.02261353
       6.856894,     0.02261301
       6.858731,     0.02260959
       6.860567,     0.02269298
       6.862402,     0.02283074
       6.864238,      0.0228947
       6.866035,     0.02289191
       6.867871,     0.02282241
       6.869707,     0.02279391
       6.871543,     0.02273348
       6.873379,     0.02270974
       6.875215,     0.02280379
       6.877051,     0.02291782
       6.878887,     0.02306198
       6.880723,     0.02317708
        6.88252,     0.02321845
       6.884356,     0.02321795
       6.886191,      0.0231088
       6.888028,     0.02306104
       6.889863,     0.02299545
       6.891699,     0.02293509
       6.893535,     0.02305257
       6.895371,     0.02333871
       6.897168,     0.02369341
       6.899004,     0.02402141
        6.90084,     0.02404498
       6.902676,     0.02382848
       6.904512,     0.02351732
       6.906348,     0.02302873
       6.908184,     0.02249403
       6.910019,     0.02214783
       6.911817,     0.02213152
       6.913652,     0.02269166
       6.915488,     0.02376434
       6.917325,     0.02515011
        6.91916,     0.02620544
       6.920996,      0.0264845
       6.922832,      0.0256463
       6.924668,     0.02406338
       6.926504,     0.02227781
       6.928301,     0.02089307
       6.930137,     0.02044569
       6.931973,     0.02128624
       6.933809,     0.02344681
       6.935645,     0.02688354
        6.93748,     0.03018863
       6.939316,     0.03185315
       6.941153,      0.0307373
       6.942949,     0.02704984
       6.944785,     0.02242776
       6.946621,     0.01878901
       6.948457,     0.01679231
       6.950293,      0.0167077
       6.952129,     0.01937059
       6.953965,     0.02604804
       6.955801,     0.03648853
       6.957598,     0.04493664
       6.959434,     0.04591151
        6.96127,     0.04304941
       6.963106,     0.04057131
       6.964942,       0.038702
       6.966777,     0.03737565
       6.968613,     0.03646586
       6.970449,     0.03585206
       6.972285,     0.03536682
       6.974102,     0.03501166
       6.975937,     0.03471008
       6.977774,     0.03443591
       6.979609,     0.03418233
       6.981406,     0.03400982
       6.983243,     0.03391632
       6.985078,     0.03379045
       6.986914,      0.0336712
        6.98875,     0.03356997
       6.990586,     0.03337555
       6.992422,     0.03324427
       6.994258,     0.03314626
       6.996055,     0.03302022
       6.997891,     0.03292508
       6.999727,     0.03283522
       7.001563,     0.03277301
       7.003398,     0.03275236
       7.005234,     0.03260905
       7.007071,     0.03247545
       7.008906,     0.03236237
       7.010742,     0.03227465
       7.012539,     0.03216035
       7.014375,     0.03209063
       7.016211,     0.03205326
       7.018047,     0.03194607
       7.019883,     0.03187022
       7.021719,     0.03182304
       7.023555,     0.03183012
       7.025391,     0.03172424
       7.027188,     0.03162918
       7.029024,     0.03160414
       7.030859,      0.0315433
       7.032695,     0.03149505
       7.034531,     0.03145774
       7.036367,     0.03138881
       7.038203,     0.03130515
       7.040039,     0.03121625
       7.041875,     0.03117337
       7.043672,      0.0311116
       7.045508,     0.03111735
       7.047344,     0.03106636
        7.04918,     0.03101203
       7.051016,     0.03096796
       7.052852,     0.03095027
       7.054688,     0.03088463
       7.056523,     0.03085177
       7.058321,     0.03081468
       7.060156,     0.03074665
       7.061992,     0.03068108
       7.063828,     0.03062956
       7.065664,     0.03056752
         7.0675,     0.03056614
       7.069336,     0.03056552
       7.071172,     0.03056421
       7.072969,     0.03046896
       7.074805,     0.03037849
       7.076641,     0.03031199
       7.078477,     0.03024865
       7.080313,     0.03025295
       7.082149,     0.03029093
       7.083984,     0.03027705
        7.08582,     0.03020048
       7.087656,     0.03011013
       7.089453,     0.03004838
       7.091289,     0.03005737
       7.093125,     0.03004814
       7.094981,      0.0300157
       7.096777,     0.02995948
       7.098613,     0.02988573
        7.10045,     0.02986158
       7.102285,     0.02991165
       7.104121,     0.02989333
       7.105957,     0.02982588
       7.107793,     0.02975177
       7.109629,     0.02967333
       7.111426,      0.0296524
       7.113262,      0.0296339
       7.115098,     0.02959639
       7.116934,     0.02958698
        7.11877,     0.02958245
       7.120605,     0.02953242
       7.122441,     0.02948515
       7.124278,     0.02946743
       7.126113,     0.02942244
        7.12791,     0.02942475
       7.129746,     0.02934272
       7.131582,     0.02934011
       7.133418,     0.02930068
       7.135254,     0.02924346
        7.13709,     0.02923871
       7.138926,     0.02923188
       7.140762,     0.02922268
       7.142559,     0.02919438
       7.144395,     0.02916774
       7.146231,     0.02909773
       7.148067,     0.02905218
       7.149902,     0.02904263
       7.151738,     0.02903474
       7.153574,     0.02898853
        7.15541,     0.02892594
       7.157207,     0.02891658
       7.159043,     0.02890522
       7.160879,     0.02888906
       7.162715,     0.02886701
       7.164551,     0.02879022
       7.166387,     0.02874276
       7.168223,     0.02875894
       7.170059,     0.02875815
       7.171895,     0.02867973
       7.173692,     0.02865542
       7.175528,     0.02867052
       7.177383,     0.02864728
       7.179199,     0.02862299
       7.181035,     0.02851901
       7.182871,     0.02851159
       7.184707,     0.02853862
       7.186543,      0.0285192
        7.18834,     0.02846853
       7.190176,      0.0284339
       7.192012,     0.02844097
       7.193848,     0.02843236
       7.195683,     0.02831496
        7.19752,     0.02829106
       7.199356,     0.02830409
       7.201191,     0.02831537
       7.203027,     0.02825525
       7.204824,     0.02824983
        7.20666,     0.02821249
       7.208496,     0.02815023
       7.210332,     0.02810321
       7.212168,     0.02812433
       7.214004,     0.02813067
        7.21584,     0.02808153
       7.217676,     0.02803524
       7.219492,     0.02804598
       7.221328,     0.02801685
       7.223164,     0.02800172
          7.225,     0.02795741
       7.226797,     0.02795173
       7.228633,     0.02794112
       7.230469,      0.0279064
       7.232305,     0.02785952
       7.234141,       0.027832
       7.235977,     0.02779901
       7.237813,     0.02780131
       7.239648,     0.02772978
       7.241485,     0.02768877
       7.243281,      0.0277376
       7.245117,      0.0276893
       7.246953,     0.02765078
       7.248789,     0.02761233
       7.250625,     0.02760533
       7.252461,     0.02762076
       7.254297,     0.02755482
       7.256133,     0.02752428
        7.25793,     0.02752593
       7.259766,     0.02749209
       7.261601,     0.02747039
       7.263438,      0.0273935
       7.265274,     0.02741922
       7.267109,     0.02742662
       7.268945,     0.02740382
       7.270782,     0.02733366
       7.272578,     0.02735166
       7.274414,     0.02734317
        7.27625,     0.02728807
       7.278086,      0.0272671
       7.279922,     0.02727034
       7.281758,     0.02721168
       7.283594,     0.02715664
        7.28543,     0.02717506
       7.287266,     0.02720215
       7.289063,     0.02713313
       7.290898,     0.02709343
       7.292735,     0.02709017
        7.29457,     0.02705109
       7.296406,     0.02704148
       7.298242,     0.02705617
       7.300078,     0.02695865
       7.301914,     0.02695829
       7.303711,     0.02702849
       7.305547,     0.02692102
       7.307383,     0.02689023
       7.309219,     0.02693353
       7.311055,     0.02690511
       7.312891,     0.02684228
       7.314727,      0.0268817
       7.316563,     0.02684547
       7.318398,     0.02676153
       7.320195,     0.02678401
       7.322031,     0.02681571
       7.323867,     0.02670678
       7.325703,     0.02673706
       7.327539,     0.02673829
       7.329375,     0.02667422
       7.331211,     0.02662931
       7.333047,     0.02663418
       7.334844,     0.02665672
        7.33668,     0.02662954
       7.338516,     0.02659054
       7.340352,     0.02658138
       7.342187,      0.0265824
       7.344024,     0.02648718
        7.34586,     0.02648565
       7.347695,     0.02653134
       7.349512,     0.02647457
       7.351348,     0.02646977
       7.353184,     0.02645312
        7.35502,     0.02639493
       7.356816,     0.02639352
       7.358653,      0.0263976
       7.360488,     0.02637507
       7.362324,     0.02631368
        7.36416,     0.02632924
       7.365996,     0.02627715
       7.367832,     0.02627183
       7.369668,     0.02624701
       7.371504,     0.02627126
       7.373301,     0.02618671
       7.375137,     0.02618842
       7.376973,     0.02619627
       7.378808,     0.02615328
       7.380645,     0.02622023
       7.382481,     0.02617866
       7.384316,     0.02609457
       7.386152,     0.02610996
       7.387949,     0.02609404
       7.389785,     0.02605069
       7.391621,     0.02602424
       7.393457,     0.02601138
       7.395293,     0.02606023
       7.397129,     0.02598653
       7.398965,     0.02597563
       7.400801,     0.02600087
       7.402637,     0.02588226
       7.404434,     0.02593973
        7.40627,     0.02589879
       7.408105,     0.02588667
       7.409942,     0.02586794
       7.411777,     0.02588814
       7.413613,     0.02586394
       7.415449,     0.02581771
       7.417285,     0.02582128
       7.419082,     0.02578732
       7.420918,     0.02576486
       7.422754,     0.02580916
        7.42459,     0.02572814
       7.426426,     0.02575647
       7.428262,     0.02575054
       7.430098,     0.02570418
       7.431934,      0.0256485
       7.433731,     0.02566575
       7.435566,     0.02566484
       7.437402,     0.02564882
       7.439239,     0.02563228
       7.441074,      0.0255989
        7.44291,     0.02562232
       7.444746,     0.02557429
       7.446582,     0.02557564
       7.448418,     0.02557074
       7.450215,     0.02550854
       7.452051,     0.02556347
       7.453887,     0.02548356
       7.455723,     0.02553266
       7.457559,     0.02553672
       7.459394,     0.02543915
       7.461231,     0.02552002
       7.463067,      0.0254085
       7.464863,     0.02545545
       7.466699,     0.02544029
       7.468535,     0.02536423
       7.470371,     0.02542697
       7.472207,     0.02539361
       7.474043,     0.02536242
       7.475879,     0.02538722
       7.477715,     0.02534397
       7.479551,       0.025362
       7.481348,     0.02532526
       7.483203,     0.02532115
       7.485039,     0.02532911
       7.486875,     0.02531176
       7.488672,     0.02525895
       7.490508,     0.02529198
       7.492344,     0.02524968
        7.49418,     0.02521083
       7.496016,     0.02522463
       7.497852,     0.02522546
       7.499688,     0.02524079
       7.501523,     0.02516455
        7.50332,     0.02518397
       7.505157,     0.02517054
       7.506992,     0.02516789
       7.508828,     0.02518157
       7.510664,     0.02519151
         7.5125,     0.02513915
       7.514336,     0.02514076
       7.516172,     0.02510389
       7.518008,     0.02510697
       7.519805,     0.02506603
       7.521641,     0.02507637
       7.523477,      0.0250954
       7.525312,     0.02502332
       7.527149,     0.02507633
       7.528985,      0.0250891
        7.53082,     0.02500896
       7.532656,     0.02505628
       7.534453,     0.02503692
       7.536289,     0.02501476
       7.538125,     0.02503714
       7.539961,     0.02505031
       7.541797,     0.02504627
       7.543633,     0.02499731
       7.545469,     0.02500967
       7.547305,     0.02497413
       7.549102,     0.02495845
       7.550938,     0.02498274
       7.552773,     0.02496605
       7.554609,     0.02500263
       7.556446,      0.0249623
       7.558281,     0.02492848
       7.560117,     0.02493578
       7.561953,     0.02493955
       7.563789,     0.02492678
       7.565586,     0.02494675
       7.567422,     0.02493193
       7.569258,     0.02494766
       7.571094,     0.02491044
        7.57293,     0.02491227
       7.574766,      0.0249371
       7.576602,     0.02488877
       7.578438,     0.02491822
       7.580235,      0.0248892
        7.58207,     0.02491438
       7.583906,     0.02492165
       7.585742,     0.02489529
       7.587578,     0.02494581
       7.589414,     0.02486511
        7.59125,     0.02494007
       7.593086,     0.02487179
       7.594883,     0.02493793
       7.596719,     0.02485069
       7.598555,     0.02490897
       7.600391,     0.02487055
       7.602227,     0.02487629
       7.604063,     0.02490381
       7.605898,       0.024884
       7.607735,      0.0248723
       7.609571,     0.02487508
       7.611367,      0.0248886
       7.613203,     0.02489204
       7.615039,      0.0249031
       7.616875,     0.02485412
       7.618711,     0.02487941
       7.620547,     0.02488226
       7.622364,     0.02490225
       7.624199,      0.0248952
       7.626035,     0.02490197
       7.627871,     0.02486107
       7.629707,     0.02490709
       7.631543,     0.02489019
        7.63334,     0.02490043
       7.635176,     0.02490693
       7.637012,     0.02492473
       7.638848,     0.02489319
       7.640684,     0.02490761
       7.642519,     0.02491983
       7.644356,     0.02491114
       7.646192,     0.02492154
       7.648027,     0.02491324
       7.649824,     0.02495368
        7.65166,     0.02491276
       7.653496,     0.02496209
       7.655332,     0.02492054
       7.657168,     0.02495351
       7.659004,     0.02495911
        7.66084,     0.02498068
       7.662676,     0.02496389
       7.664473,     0.02497439
       7.666309,     0.02497617
       7.668145,     0.02500034
       7.669981,     0.02497879
       7.671816,     0.02498318
       7.673653,     0.02501482
       7.675488,     0.02500334
       7.677324,     0.02503846
        7.67916,     0.02500738
       7.680957,      0.0250591
       7.682793,     0.02503626
       7.684629,     0.02508007
       7.686465,     0.02504259
       7.688301,     0.02506134
       7.690137,     0.02504462
       7.691973,     0.02509035
       7.693809,     0.02504876
       7.695606,     0.02513131
       7.697442,     0.02509612
       7.699277,     0.02515846
       7.701113,     0.02508943
        7.70295,     0.02519434
       7.704785,     0.02511032
       7.706621,     0.02519864
       7.708457,     0.02514359
       7.710254,     0.02522822
        7.71209,     0.02516168
       7.713926,     0.02522463
       7.715762,     0.02516397
       7.717598,     0.02524388
       7.719434,     0.02522259
        7.72127,     0.02503908
       7.723105,     0.02457606
       7.724942,      0.0254915
       7.726738,     0.02523948
       7.728574,     0.02522735
        7.73041,     0.02521911
       7.732246,      0.0252697
       7.734082,     0.02526372
       7.735918,     0.02528796
       7.737754,     0.02526322
        7.73959,     0.02529192
       7.741387,     0.02525171
       7.743223,     0.02531644
       7.745059,     0.02527943
       7.746895,     0.02534753
       7.748731,     0.02528522
       7.750566,      0.0253941
       7.752402,     0.02533232
       7.754239,      0.0253602
       7.756035,     0.02533702
       7.757871,     0.02535829
       7.759707,     0.02537357
       7.761543,     0.02535599
       7.763379,     0.02537046
       7.765215,     0.02539589
       7.767031,     0.02536586
       7.768867,     0.02540768
       7.770703,      0.0254074
       7.772539,     0.02542742
       7.774375,     0.02544045
       7.776211,     0.02548589
       7.778047,     0.02547593
       7.779844,      0.0255026
        7.78168,     0.02548044
       7.783516,      0.0255424
       7.785352,     0.02548609
       7.787188,     0.02558002
       7.789023,       0.025473
        7.79086,     0.02555346
       7.792696,     0.02554958
       7.794492,     0.02554798
       7.796328,     0.02557306
       7.798164,     0.02556501
            7.8,     0.02559828
       7.801836,      0.0256015
       7.803672,      0.0256334
       7.805508,     0.02560448
       7.807344,      0.0256071
        7.80918,     0.02564407
       7.810977,     0.02563089
       7.812813,     0.02566441
       7.814649,     0.02564773
       7.816484,     0.02566422
        7.81832,     0.02566584
       7.820157,     0.02567169
       7.821992,     0.02570524
       7.823828,     0.02568003
       7.825625,      0.0257303
       7.827461,     0.02570616
       7.829297,     0.02575108
       7.831133,     0.02575034
       7.832969,     0.02578086
       7.834805,     0.02576445
       7.836641,     0.02576699
       7.838477,     0.02575954
       7.840312,      0.0257745
        7.84211,     0.02580246
       7.843946,      0.0257744
       7.845781,     0.02580694
       7.847617,     0.02575716
       7.849453,     0.02581667
       7.851289,     0.02578059
       7.853125,     0.02585158
       7.854961,     0.02580291
       7.856758,     0.02584805
       7.858594,     0.02584138
        7.86043,     0.02585901
       7.862266,     0.02587505
       7.864102,     0.02584642
       7.865938,     0.02590844
       7.867774,     0.02583799
       7.869609,     0.02592651
       7.871407,     0.02587457
       7.873242,     0.02592667
       7.875078,     0.02591062
       7.876914,     0.02588538
        7.87875,     0.02591249
       7.880586,     0.02593629
       7.882422,     0.02590466
       7.884258,        0.02594
       7.886094,     0.02592017
       7.887891,     0.02593934
       7.889727,     0.02593117
       7.891562,     0.02593701
       7.893399,      0.0259613
       7.895235,     0.02595591
        7.89707,     0.02595806
       7.898906,     0.02597477
       7.900743,      0.0259563
       7.902539,     0.02601528
       7.904375,     0.02591947
       7.906211,     0.02597085
       7.908047,     0.02601317
       7.909883,     0.02597117
       7.911719,      0.0260118
       7.913555,     0.02598956
       7.915391,     0.02597325
       7.917207,      0.0260316
       7.919043,     0.02595741
       7.920879,     0.02605581
       7.922715,     0.02600534
       7.924551,     0.02597412
       7.926348,     0.02602777
       7.928184,      0.0259907
        7.93002,       0.026037
       7.931856,     0.02600019
       7.933692,     0.02600019
       7.935527,     0.02602735
       7.937364,     0.02598282
       7.939199,     0.02608459
       7.940996,     0.02600525
       7.942832,     0.02601174
       7.944668,     0.02606406
       7.946504,     0.02597033
        7.94834,     0.02606728
       7.950176,     0.02600972
       7.952012,     0.02595422
       7.953848,     0.02605919
       7.955645,     0.02597887
        7.95748,     0.02604425
       7.959317,     0.02602544
       7.961153,     0.02597331
       7.962988,     0.02603223
       7.964824,     0.02601435
        7.96666,     0.02602263
       7.968496,     0.02601104
       7.970332,     0.02600572
       7.972129,     0.02600966
       7.973965,     0.02601921
       7.975801,     0.02596807
       7.977637,     0.02601879
       7.979473,      0.0259614
       7.981309,     0.02604244
       7.983145,     0.02596421
       7.984981,     0.02599195
       7.986777,     0.02593859
       7.988614,     0.02598419
       7.990449,     0.02598151
       7.992285,     0.02600728
       7.994121,     0.02594922
       7.995957,     0.02600347
       7.997793,     0.02592615
       7.999102,     0.02595759
